Entity,Code,Year,ny_gdp_pcap_pp_kd,owid_region,pct_change
Cook Islands,COK,2023,,Oceania,
Fiji,FJI,1990,8126.8906,,
Fiji,FJI,1991,7843.1626,,-3.49
Fiji,FJI,1992,8261.304,,5.33
Fiji,FJI,1993,8383.651,,1.48
Fiji,FJI,1994,8762.415,,4.52
Fiji,FJI,1995,8936.778,,1.99
Fiji,FJI,1996,9306.982,,4.14
Fiji,FJI,1997,9008.645,,-3.21
Fiji,FJI,1998,9013.452,,0.05
Fiji,FJI,1999,9693.8125,,7.55
Fiji,FJI,2000,9426.114,,-2.76
Fiji,FJI,2001,9516.328,,0.96
Fiji,FJI,2002,9724.101,,2.18
Fiji,FJI,2003,9727.956,,0.04
Fiji,FJI,2004,10148.878,,4.33
Fiji,FJI,2005,10127.111,,-0.21
Fiji,FJI,2006,10222.198,,0.94
Fiji,FJI,2007,10050.951,,-1.68
Fiji,FJI,2008,10092.18,,0.41
Fiji,FJI,2009,9910.175,,-1.8
Fiji,FJI,2010,10167.35,,2.6
Fiji,FJI,2011,10412.996,,2.42
Fiji,FJI,2012,10537.692,,1.2
Fiji,FJI,2013,11019.299,,4.57
Fiji,FJI,2014,11621.13,,5.46
Fiji,FJI,2015,12131.092,,4.39
Fiji,FJI,2016,12419.826,,2.38
Fiji,FJI,2017,13090.501,,5.4
Fiji,FJI,2018,13612.952,,3.99
Fiji,FJI,2019,13567.474,,-0.33
Fiji,FJI,2020,11254.97,,-17.04
Fiji,FJI,2021,10685.197,,-5.06
Fiji,FJI,2022,12762.347,,19.44
Fiji,FJI,2023,13652.491,Oceania,6.97
Fiji,FJI,2024,14104.443,,3.31
Marshall Islands,MHL,1990,3905.586,,
Marshall Islands,MHL,1991,3828.4636,,-1.97
Marshall Islands,MHL,1992,4029.3413,,5.25
Marshall Islands,MHL,1993,4207.4097,,4.42
Marshall Islands,MHL,1994,4396.9146,,4.5
Marshall Islands,MHL,1995,4703.433,,6.97
Marshall Islands,MHL,1996,4174.814,,-11.24
Marshall Islands,MHL,1997,3867.3428,,-7.36
Marshall Islands,MHL,1998,3805.887,,-1.59
Marshall Islands,MHL,1999,3718.811,,-2.29
Marshall Islands,MHL,2000,3772.2158,,1.44
Marshall Islands,MHL,2001,4000.7305,,6.06
Marshall Islands,MHL,2002,4121.84,,3.03
Marshall Islands,MHL,2003,4040.655,,-1.97
Marshall Islands,MHL,2004,4012.3445,,-0.7
Marshall Islands,MHL,2005,4075.1587,,1.57
Marshall Islands,MHL,2006,4075.5764,,0.01
Marshall Islands,MHL,2007,4222.413,,3.6
Marshall Islands,MHL,2008,3903.3057,,-7.56
Marshall Islands,MHL,2009,4047.2268,,3.69
Marshall Islands,MHL,2010,4269.3584,,5.49
Marshall Islands,MHL,2011,4259.116,,-0.24
Marshall Islands,MHL,2012,4244.0444,,-0.35
Marshall Islands,MHL,2013,4469.8535,,5.32
Marshall Islands,MHL,2014,4491.9917,,0.5
Marshall Islands,MHL,2015,4670.1094,,3.97
Marshall Islands,MHL,2016,4896.522,,4.85
Marshall Islands,MHL,2017,5199.344,,6.18
Marshall Islands,MHL,2018,5635.3076,,8.38
Marshall Islands,MHL,2019,6405.0757,,13.66
Marshall Islands,MHL,2020,6417.1846,,0.19
Marshall Islands,MHL,2021,6705.8755,,4.5
Marshall Islands,MHL,2022,6844.3345,,2.06
Marshall Islands,MHL,2023,6786.696,Oceania,-0.84
Marshall Islands,MHL,2024,7212.3345,,6.27
Papua New Guinea,PNG,1990,3164.149,,
Papua New Guinea,PNG,1991,3358.1887,,6.13
Papua New Guinea,PNG,1992,3690.345,,9.89
Papua New Guinea,PNG,1993,4206.429,,13.98
Papua New Guinea,PNG,1994,4297.891,,2.17
Papua New Guinea,PNG,1995,4008.722,,-6.73
Papua New Guinea,PNG,1996,4167.036,,3.95
Papua New Guinea,PNG,1997,3864.2302,,-7.27
Papua New Guinea,PNG,1998,3590.1,,-7.09
Papua New Guinea,PNG,1999,3531.6594,,-1.63
Papua New Guinea,PNG,2000,3326.7986,,-5.8
Papua New Guinea,PNG,2001,3211.7593,,-3.46
Papua New Guinea,PNG,2002,3100.7952,,-3.45
Papua New Guinea,PNG,2003,3064.444,,-1.17
Papua New Guinea,PNG,2004,3046.333,,-0.59
Papua New Guinea,PNG,2005,3136.5857,,2.96
Papua New Guinea,PNG,2006,3202.4873,,2.1
Papua New Guinea,PNG,2007,3345.8503,,4.48
Papua New Guinea,PNG,2008,3233.9182,,-3.35
Papua New Guinea,PNG,2009,3349.6436,,3.58
Papua New Guinea,PNG,2010,3579.1714,,6.85
Papua New Guinea,PNG,2011,3514.8328,,-1.8
Papua New Guinea,PNG,2012,3577.4517,,1.78
Papua New Guinea,PNG,2013,3615.2832,,1.06
Papua New Guinea,PNG,2014,3998.6182,,10.6
Papua New Guinea,PNG,2015,4154.5234,,3.9
Papua New Guinea,PNG,2016,4275.7485,,2.92
Papua New Guinea,PNG,2017,4322.2227,,1.09
Papua New Guinea,PNG,2018,4211.1455,,-2.57
Papua New Guinea,PNG,2019,4301.6113,,2.15
Papua New Guinea,PNG,2020,4077.6313,,-5.21
Papua New Guinea,PNG,2021,3976.9038,,-2.47
Papua New Guinea,PNG,2022,4125.493,,3.74
Papua New Guinea,PNG,2023,4205.8477,Oceania,1.95
Papua New Guinea,PNG,2024,4300.726,,2.26
Samoa,WSM,1990,3990.9268,,
Samoa,WSM,1991,3891.63,,-2.49
Samoa,WSM,1992,3861.889,,-0.76
Samoa,WSM,1993,3986.4539,,3.23
Samoa,WSM,1994,3854.0393,,-3.32
Samoa,WSM,1995,4077.991,,5.81
Samoa,WSM,1996,4333.5127,,6.27
Samoa,WSM,1997,4325.138,,-0.19
Samoa,WSM,1998,4386.519,,1.42
Samoa,WSM,1999,4448.32,,1.41
Samoa,WSM,2000,4638.594,,4.28
Samoa,WSM,2001,4941.115,,6.52
Samoa,WSM,2002,5183.4546,,4.9
Samoa,WSM,2003,5425.444,,4.67
Samoa,WSM,2004,5568.347,,2.63
Samoa,WSM,2005,5914.8896,,6.22
Samoa,WSM,2006,6017.477,,1.73
Samoa,WSM,2007,6013.2764,,-0.07
Samoa,WSM,2008,6182.763,,2.82
Samoa,WSM,2009,6104.1274,,-1.27
Samoa,WSM,2010,6427.3115,,5.29
Samoa,WSM,2011,6616.771,,2.95
Samoa,WSM,2012,6311.961,,-4.61
Samoa,WSM,2013,6262.3237,,-0.79
Samoa,WSM,2014,6247.905,,-0.23
Samoa,WSM,2015,6432.36,,2.95
Samoa,WSM,2016,6887.305,,7.07
Samoa,WSM,2017,6919.0156,,0.46
Samoa,WSM,2018,6805.0454,,-1.65
Samoa,WSM,2019,7033.521,,3.36
Samoa,WSM,2020,6745.306,,-4.1
Samoa,WSM,2021,6214.017,,-7.88
Samoa,WSM,2022,5843.772,,-5.96
Samoa,WSM,2023,6340.608,Oceania,8.5
Samoa,WSM,2024,6894.8896,,8.74
Solomon Islands,SLB,1990,2352.4197,,
Solomon Islands,SLB,1991,2418.387,,2.8
Solomon Islands,SLB,1992,2644.5237,,9.35
Solomon Islands,SLB,1993,2669.6992,,0.95
Solomon Islands,SLB,1994,2802.257,,4.97
Solomon Islands,SLB,1995,2996.2979,,6.92
Solomon Islands,SLB,1996,2957.845,,-1.28
Solomon Islands,SLB,1997,2848.3445,,-3.7
Solomon Islands,SLB,1998,2805.2908,,-1.51
Solomon Islands,SLB,1999,2717.5508,,-3.13
Solomon Islands,SLB,2000,2276.8418,,-16.22
Solomon Islands,SLB,2001,2055.2922,,-9.73
Solomon Islands,SLB,2002,1960.441,,-4.61
Solomon Islands,SLB,2003,2050.3267,,4.58
Solomon Islands,SLB,2004,2168.5178,,5.76
Solomon Islands,SLB,2005,2287.26,,5.48
Solomon Islands,SLB,2006,2340.6604,,2.33
Solomon Islands,SLB,2007,2384.3254,,1.87
Solomon Islands,SLB,2008,2489.7925,,4.42
Solomon Islands,SLB,2009,2514.886,,1.01
Solomon Islands,SLB,2010,2682.2854,,6.66
Solomon Islands,SLB,2011,2777.471,,3.55
Solomon Islands,SLB,2012,2743.4534,,-1.22
Solomon Islands,SLB,2013,2783.5945,,1.46
Solomon Islands,SLB,2014,2716.418,,-2.41
Solomon Islands,SLB,2015,2664.7305,,-1.9
Solomon Islands,SLB,2016,2715.234,,1.9
Solomon Islands,SLB,2017,2703.6606,,-0.43
Solomon Islands,SLB,2018,2686.12,,-0.65
Solomon Islands,SLB,2019,2661.5999,,-0.91
Solomon Islands,SLB,2020,2515.1284,,-5.5
Solomon Islands,SLB,2021,2518.4216,,0.13
Solomon Islands,SLB,2022,2517.9255,,-0.02
Solomon Islands,SLB,2023,2523.619,Oceania,0.23
Solomon Islands,SLB,2024,2527.075,,0.14
Tonga,TON,1990,4487.8193,,
Tonga,TON,1991,4766.388,,6.21
Tonga,TON,1992,4772.331,,0.12
Tonga,TON,1993,4946.718,,3.65
Tonga,TON,1994,5188.4395,,4.89
Tonga,TON,1995,5508.3394,,6.17
Tonga,TON,1996,5510.7085,,0.04
Tonga,TON,1997,5455.9053,,-0.99
Tonga,TON,1998,5541.683,,1.57
Tonga,TON,1999,5632.7227,,1.64
Tonga,TON,2000,5808.265,,3.12
Tonga,TON,2001,5860.0806,,0.89
Tonga,TON,2002,6085.1133,,3.84
Tonga,TON,2003,6053.88,,-0.51
Tonga,TON,2004,5900.4575,,-2.53
Tonga,TON,2005,5828.3706,,-1.22
Tonga,TON,2006,5670.914,,-2.7
Tonga,TON,2007,5506.652,,-2.9
Tonga,TON,2008,5758.5684,,4.57
Tonga,TON,2009,5453.875,,-5.29
Tonga,TON,2010,5488.7505,,0.64
Tonga,TON,2011,5847.444,,6.54
Tonga,TON,2012,5907.267,,1.02
Tonga,TON,2013,5951.6943,,0.75
Tonga,TON,2014,6096.869,,2.44
Tonga,TON,2015,6194.639,,1.6
Tonga,TON,2016,6639.1367,,7.18
Tonga,TON,2017,6862.6685,,3.37
Tonga,TON,2018,6896.042,,0.49
Tonga,TON,2019,6875.0254,,-0.3
Tonga,TON,2020,6995.3174,,1.75
Tonga,TON,2021,7034.925,,0.57
Tonga,TON,2022,6901.7383,,-1.89
Tonga,TON,2023,7075.556,Oceania,2.52
Vanuatu,VUT,1990,3101.6807,,
Vanuatu,VUT,1991,3120.6938,,0.61
Vanuatu,VUT,1992,3122.8894,,0.07
Vanuatu,VUT,1993,3069.806,,-1.7
Vanuatu,VUT,1994,3269.6284,,6.51
Vanuatu,VUT,1995,3226.915,,-1.31
Vanuatu,VUT,1996,3229.1023,,0.07
Vanuatu,VUT,1997,3315.4814,,2.68
Vanuatu,VUT,1998,3285.1384,,-0.92
Vanuatu,VUT,1999,3228.5918,,-1.72
Vanuatu,VUT,2000,3342.1672,,3.52
Vanuatu,VUT,2001,3148.3347,,-5.8
Vanuatu,VUT,2002,2911.0413,,-7.54
Vanuatu,VUT,2003,2962.031,,1.75
Vanuatu,VUT,2004,3005.7974,,1.48
Vanuatu,VUT,2005,3089.437,,2.78
Vanuatu,VUT,2006,3270.7024,,5.87
Vanuatu,VUT,2007,3283.3655,,0.39
Vanuatu,VUT,2008,3381.3857,,2.99
Vanuatu,VUT,2009,3396.736,,0.45
Vanuatu,VUT,2010,3359.8496,,-1.09
Vanuatu,VUT,2011,3390.961,,0.93
Vanuatu,VUT,2012,3350.771,,-1.19
Vanuatu,VUT,2013,3292.2341,,-1.75
Vanuatu,VUT,2014,3302.2917,,0.31
Vanuatu,VUT,2015,3357.639,,1.68
Vanuatu,VUT,2016,3397.7673,,1.2
Vanuatu,VUT,2017,3465.9197,,2.01
Vanuatu,VUT,2018,3482.0227,,0.46
Vanuatu,VUT,2019,3512.072,,0.86
Vanuatu,VUT,2020,3259.9954,,-7.18
Vanuatu,VUT,2021,3135.8367,,-3.81
Vanuatu,VUT,2022,3222.836,,2.77
Vanuatu,VUT,2023,3118.396,Oceania,-3.24
Vanuatu,VUT,2024,3169.2324,,1.63
